-1.0;1.2246467991473532E-16;0.0;,0.002350039792812093,-9.869604423180107,-0.9999999378697716;-3.5250596162147605E-4;0.0070501193784363704;
-0.9999999378697716;-3.5250596162147605E-4;0.0070501193784363704;,0.002620814034783328,-9.867394662918183,-0.9999994114797037;-0.00108491485666886;0.014648182011570247;
-0.9999994114797037;-0.00108491485666886;0.014648182011570247;,0.003361649713396388,-9.862810357832224,-0.9999973987776446;-0.0022808853422645377;0.023919445009257766;
-0.9999973987776446;-0.0022808853422645377;0.023919445009257766;,0.004650650124146761,-9.855335666339341,-0.9999916403623634;-0.00408891249473272;0.036160731374999644;
-0.9999916403623634;-0.00408891249473272;0.036160731374999644;,0.006644146783971284,-9.844060590316293,-0.999977284612719;-0.006740197220645873;0.05302648735586396;
-0.999977284612719;-0.006740197220645873;0.05302648735586396;,0.009594714358822939,-9.827581152294197,-0.9999440532429203;-0.010577825112930091;0.07675548251684837;
-0.9999440532429203;-0.010577825112930091;0.07675548251684837;,0.013882481024603996,-9.803842532137848,-0.9998703736459257;-0.016100804487877977;0.11046955675596279;
-0.9998703736459257;-0.016100804487877977;0.11046955675596279;,0.020063302485779,-9.769916912233336,-0.9997112767852471;-0.024028380478326512;0.15858386084739132;
-0.9997112767852471;-0.024028380478326512;0.15858386084739132;,0.02893923557989229,-9.721710810489206,-0.9993734957877727;-0.0353923143765225;0.2273802822283233;
-0.9993734957877727;-0.0353923143765225;0.2273802822283233;,0.041658435393244965,-9.653611740096752,-0.9986643551654074;-0.05166725967245596;0.3258113526256663;
-0.9986643551654074;-0.05166725967245596;0.3258113526256663;,0.05985171397231328,-9.558126341843268,-0.997187238560199;-0.07495072549805454;0.4666160497882642;
-0.997187238560199;-0.07495072549805454;0.4666160497882642;,0.08580692094605004,-9.425663736417508,-0.9941291438015172;-0.10820002515925062;0.6678237685028734;
-0.9941291438015172;-0.10820002515925062;0.6678237685028734;,0.12265647076772607,-9.244842301163077,-0.9878342075170838;-0.15551070207254208;0.9546431619366136;
-0.9878342075170838;-0.15551070207254208;0.9546431619366136;,0.1744718427866784,-9.00415724982063,-0.9749687879583135;-0.22234176959603666;1.3614256637422422;
-0.9749687879583135;-0.22234176959603666;1.3614256637422422;,0.2459429432057208,-8.696678182819806,-0.9489706532020263;-0.3153643913971891;1.932498166162377;
-0.9489706532020263;-0.3153643913971891;1.932498166162377;,0.3408756048581486,-8.330561761255002,-0.8974814645291271;-0.44105217472160035;2.718601687188931;
-0.8974814645291271;-0.44105217472160035;2.718601687188931;,0.4583246462712419,-7.948188682453057,-0.7991538567666435;-0.6011265367749116;3.762786494961457;
-0.7991538567666435;-0.6011265367749116;3.762786494961457;,0.5865959955514127,-7.6506567499171645,-0.6227869944632526;-0.7823914362564487;5.071729579034511;
-0.6227869944632526;-0.7823914362564487;5.071729579034511;,0.7012967685770028,-7.605691699144599,-0.3361805976065156;-0.9417975397042222;6.588826307573184;
-0.3361805976065156;-0.9417975397042222;6.588826307573184;,0.775455648046669,-8.00574336312645,0.057110401306042405;-0.9983678691057033;8.0;
0.057110401306042405;-0.9983678691057033;8.0;,0.7892072668714671,-8.693642350869542,0.44138492359620973;-0.8973178640938606;8.0;
0.44138492359620973;-0.8973178640938606;8.0;,0.7350869401285921,-7.642388501955357,0.7559744716247826;-0.6546010985719706;8.0;
0.7559744716247826;-0.6546010985719706;8.0;,0.5579097975322294,-6.910548276373853,0.9512122729548464;-0.308537212958299;8.0;
0.9512122729548464;-0.308537212958299;8.0;,0.18631563129630802,-6.498518209350942,0.9962745716462864;0.08623791446346915;8.0;
0.9962745716462864;0.08623791446346915;8.0;,-0.30448326950262583,-6.4078263278266645,0.9030807898082543;0.4294707057289233;7.151228627339725;
0.9030807898082543;0.4294707057289233;7.151228627339725;,-0.6230566898209894,-5.31261295322093,0.7490862182190269;0.6624725184294942;5.604161587173449;
0.7490862182190269;0.6624725184294942;5.604161587173449;,-0.7562120713191365,-3.6672922004248383,0.6092089365843746;0.7930097550381934;3.83237976203816;
0.6092089365843746;0.7930097550381934;3.83237976203816;,-0.8035181262410206,-2.309864173291046,0.526291720276119;0.8503040780619621;2.0165826995937435;
0.526291720276119;0.8503040780619621;2.0165826995937435;,-0.8128391455489801,-1.4427033329868788,0.5170867668954358;0.8559329854034282;0.21579332149327435;
0.5170867668954358;0.8559329854034282;0.21579332149327435;,-0.7994044003372638,-1.0626659531797586,0.5814154782803158;0.8136068102075299;-1.540470140465946;
0.5814154782803158;0.8136068102075299;-1.540470140465946;,-0.7610867007410891,-1.1427469660596823,0.7040919778491804;0.710108785136777;-3.213525135033566;
0.7040919778491804;0.710108785136777;-3.213525135033566;,-0.6777527105737934,-1.6580631632299643,0.8504571456335347;0.5260443360030225;-4.714201677902363;
0.8504571456335347;0.5260443360030225;-4.714201677902363;,-0.502680594242531,-2.530232920675321,0.9657294368238423;0.2595508714142653;-5.827710208627689;
0.9657294368238423;0.2595508714142653;-5.827710208627689;,-0.18344478293242236,-3.465291470037807,0.9989138591241489;-0.046595086111092414;-6.183381403864257;
0.9989138591241489;-0.046595086111092414;-6.183381403864257;,0.21015981038111042,-3.8257699022486675,0.9473295419521736;-0.32026042363158935;-5.587848287304245;
0.9473295419521736;-0.32026042363158935;-5.587848287304245;,0.4982672173427626,-3.2296767831681366,0.8563347029942338;-0.5164212199820778;-4.33324195299965;
0.8563347029942338;-0.5164212199820778;-4.33324195299965;,0.6442246171179228,-2.1738455869155775,0.7762753301014587;-0.630394013197993;-2.7878840166324395;
0.7762753301014587;-0.630394013197993;-2.7878840166324395;,0.7022156619057587,-1.2444089219714451,0.7386288141203486;-0.6741123607761301;-1.154032540813658;
0.7386288141203486;-0.6741123607761301;-1.154032540813658;,0.7094754603488023,-0.682440797092608,0.7542259706706949;-0.6566149443668247;0.46880956965065135;
0.7542259706706949;-0.6566149443668247;0.46880956965065135;,0.6765758183094236,-0.5369262168058309,0.8161856605673058;-0.5777897260113845;2.0060758163038037;
0.8161856605673058;-0.5777897260113845;2.0060758163038037;,0.5936944492343978,-0.7833221282450051,0.9011734567785128;-0.43345864946712725;3.353816869498459;
0.9011734567785128;-0.43345864946712725;3.353816869498459;,0.43433620994861466,-1.326560620629983,0.9732680992327961;-0.22967195522261755;4.331731512243958;
0.9732680992327961;-0.22967195522261755;4.331731512243958;,0.1788080342091578,-1.9302213911036767,0.9999953351166508;0.003054463117659599;4.695901648454468;
0.9999953351166508;0.003054463117659599;4.695901648454468;,-0.12431982279459437,-2.20522038064305,0.9760464641498204;0.21756217460908364;4.325233027408929;
0.9760464641498204;0.21756217460908364;4.325233027408929;,-0.37030696177308814,-1.9194121432801305,0.9255955689254445;0.3785139928530818;3.3774837730464773;
0.9255955689254445;0.3785139928530818;3.3774837730464773;,-0.5151530353170474,-1.2924929094581532,0.8804500267105324;0.47413895691603186;2.1159101617351466;
0.8804500267105324;0.47413895691603186;2.1159101617351466;,-0.5780467310853261,-0.693066119732912,0.8623747645281761;0.5062704469994007;0.737374186166192;
0.8623747645281761;0.5062704469994007;0.737374186166192;,-0.5820501584310757,-0.3375337256057886,0.8778696509261088;0.47889965126618317;-0.6290734538774847;
0.8778696509261088;0.47889965126618317;-0.6290734538774847;,-0.5343268729178308,-0.29011657343464375,0.9188039066912784;0.39471430307102445;-1.8728793341813397;
0.9188039066912784;0.39471430307102445;-1.8728793341813397;,-0.42812238499508404,-0.516139505587258,0.9656932874305216;0.25968533769089047;-2.8612107618633233;
0.9656932874305216;0.25968533769089047;-2.8612107618633233;,-0.2549666925303542,-0.8879221055791129,0.9958506248663138;0.09100292826811857;-3.431346836186218;
0.9958506248663138;0.09100292826811857;-3.431346836186218;,-0.03149555352629422,-1.1857225746309252,0.9966603244854871;-0.08165903254682505;-3.4575813005640117;
0.9966603244854871;-0.08165903254682505;-3.4575813005640117;,0.1868705682534629,-1.20230959959255,0.9737436797662433;-0.22764719659002117;-2.9582138702137417;
0.9737436797662433;-0.22764719659002117;-2.9582138702137417;,0.3473974636463305,-0.9283297314495593,0.9447390666778869;-0.3278232692970332;-2.086756876717266;
0.9447390666778869;-0.3278232692970332;-2.086756876717266;,0.43667965116002155,-0.5477732451175206,0.9267504041695172;-0.3756776389028718;-1.0225853752099765;
0.9267504041695172;-0.3756776389028718;-1.0225853752099765;,0.46385717140090815,-0.2537522113804761,0.9283800635325222;-0.3716321536618569;0.08722790981559414;
0.9283800635325222;-0.3716321536618569;0.08722790981559414;,0.43738986019746023,-0.14650921480529758,0.9477360116029239;-0.31905556304659927;1.120673375161582;
0.9477360116029239;-0.31905556304659927;1.120673375161582;,0.3591002706033326,-0.23155808538172612,0.9743912345686508;-0.22485933824455798;1.9586825146866307;
0.9743912345686508;-0.22485933824455798;1.9586825146866307;,0.23040337850796477,-0.43529370126118194,0.9947272697747459;-0.10255563741930421;2.481248146527107;
0.9947272697747459;-0.10255563741930421;2.481248146527107;,0.06547124538251942,-0.6262311231312424,0.9996273511224953;0.027297598572462334;2.6007451546101867;
0.9996273511224953;0.027297598572462334;2.6007451546101867;,-0.10251359987542258,-0.6771749161241457,0.9897950679832048;0.14249815225511875;2.3136775539132657;
0.9897950679832048;0.14249815225511875;2.3136775539132657;,-0.23770163051037507,-0.5559810629657029,0.9740396066600461;0.22637765936050924;1.7074462765734795;
0.9740396066600461;0.22637765936050924;1.7074462765734795;,-0.32194751728907156,-0.3440988818549905,0.9627161405783651;0.27051364599572;0.9113869692266467;
0.9627161405783651;0.27051364599572;0.9113869692266467;,-0.35389164771385007,-0.158599321727593,0.9620013984050153;0.27304451920299544;0.05259726058188641;
0.9620013984050153;0.27304451920299544;0.05259726058188641;,-0.33761226055291454,-0.07721601378940662,0.9716264008823727;0.23652090205384965;-0.7554561316746108;
0.9716264008823727;0.23652090205384965;-0.7554561316746108;,-0.2770316372943429,-0.11439598389441523,0.9858666694694417;0.16753181796074015;-1.4091603670172523;
0.9858666694694417;0.16753181796074015;-1.4091603670172523;,-0.17816962213749513,-0.22703376848484708,0.9970042165524511;0.07734721828633084;-1.8180203699591826;
0.9970042165524511;0.07734721828633084;-1.8180203699591826;,-0.0548483075891142,-0.33652640076615153,0.9998232251470703;-0.018802086493542005;-1.924554879011777;
0.9998232251470703;-0.018802086493542005;-1.924554879011777;,0.07014323906649687,-0.37076438865155037,0.9944700554960049;-0.10502051571846763;-1.728226726682443;
0.9944700554960049;-0.10502051571846763;-1.728226726682443;,0.17336383943622055,-0.30986707946050673,0.985659185888239;-0.16874824228457613;-1.286900595162632;
0.985659185888239;-0.16874824228457613;-1.286900595162632;,0.24037484940401097,-0.1945928790386805,0.9792283058939959;-0.20276075787976047;-0.6923372286640311;
0.9792283058939959;-0.20276075787976047;-0.6923372286640311;,0.26686000925977127,-0.08990595218213535,0.9787816274476842;-0.2049061389291761;-0.04382776929453758;
0.9787816274476842;-0.2049061389291761;-0.04382776929453758;,0.2541250334497822,-0.043038078666509105,0.9841777456642654;-0.17718398612517045;0.564867726857927;
0.9841777456642654;-0.17718398612517045;0.564867726857927;,0.20610775631634698,-0.0638057869854905,0.9921215220237751;-0.12527923027073556;1.05030300621309;
0.9921215220237751;-0.12527923027073556;1.05030300621309;,0.12995570536194564,-0.12615888409717446,0.9983011097808324;-0.05826572071431424;1.3462106995958754;
0.9983011097808324;-0.05826572071431424;1.3462106995958754;,0.03781892385278016,-0.18463278880506923,0.9999218801397084;0.012499344697648395;1.41596818061848;
0.9999218801397084;0.012499344697648395;1.41596818061848;,-0.05401853776559127,-0.2006645026169533,0.9971388431490866;0.07559184799501294;1.2632870758449426;
0.9971388431490866;0.07559184799501294;1.2632870758449426;,-0.12983476030844698,-0.16538189638483627,0.9925443466001302;0.1218840433860006;0.9304766809158613;
0.9925443466001302;0.1218840433860006;0.9304766809158613;,-0.17915902016935986,-0.10163694984037479,0.9893014081862507;0.14588599576621958;0.48441265294728214;
0.9893014081862507;0.14588599576621958;0.48441265294728214;,-0.19776167853379079,-0.04505744670142909,0.989297453479542;0.14591281142824103;5.421141705744814E-4;
0.989297453479542;0.14591281142824103;5.421141705744814E-4;,-0.1860115821246904,-0.021581814511884394,0.9923178014892422;0.1237149176435761;-0.44805802363231595;
0.9923178014892422;0.1237149176435761;-0.44805802363231595;,-0.1475080761430001,-0.035546743263433246,0.9964620749846578;0.08404363817250143;-0.7977960638286342;
0.9964620749846578;0.08404363817250143;-0.7977960638286342;,-0.0889901265147697,-0.07075955919249938,0.9994201434547177;0.034049623448010324;-1.0017337147435672;
0.9994201434547177;0.034049623448010324;-1.0017337147435672;,-0.020391705484068955,-0.10150853199777393,0.9998413638534147;-0.017811432501167172;-1.0373716136097664;
0.9998413638534147;-0.017811432501167172;-1.0373716136097664;,0.046532581455614806,-0.10793992827888194,0.99799285693257;-0.06332659403099776;-0.9111324436187973;
0.99799285693257;-0.06332659403099776;-0.9111324436187973;,0.10101051265993628,-0.08707267520466003,0.9953812650106916;-0.09600071492293911;-0.6555958511622368;
0.9953812650106916;-0.09600071492293911;-0.6555958511622368;,0.1356800857012184,-0.05229881800291386,0.9937148007056986;-0.11194147961517067;-0.320556130250786;
0.9937148007056986;-0.11194147961517067;-0.320556130250786;,0.14728152502745176,-0.02294597926805659,0.9939220212469745;-0.11008640097818036;0.037332335120191296;
0.9939220212469745;-0.11008640097818036;0.037332335120191296;,0.1360988526584627,-0.012381753360733891,0.9957565689952063;-0.09202638373257499;0.36306409236194415;
0.9957565689952063;-0.09202638373257499;0.36306409236194415;,0.10531209347395276,-0.02171878711083681,0.9980997633602998;-0.06161868531633482;0.6099805849843712;
0.9980997633602998;-0.06161868531633482;0.6099805849843712;,0.06064788314704358,-0.041024021591493924,0.9997030118061043;-0.02436982120993346;0.7457102204382509;
0.9997030118061043;-0.02436982120993346;0.7457102204382509;,0.009839025514275922,-0.0562027663030813,0.9999092100235659;0.013474854731995826;0.7569499310736285;
0.9999092100235659;0.013474854731995826;0.7569499310736285;,-0.03863269316689508,-0.057484872455703745,0.9989406610762439;0.046016906116739975;0.6511579926219402;
0.9989406610762439;0.046016906116739975;0.6511579926219402;,-0.07727270937931083,-0.04454360944153959,0.9976393123302207;0.06867170081834437;0.4538525440715627;
0.9976393123302207;0.06867170081834437;0.4538525440715627;,-0.10094827346198826,-0.025362209516954032,0.9968928415776462;0.07876967951722255;0.2025114992993562;
0.9968928415776462;0.07876967951722255;0.2025114992993562;,-0.10738411803508413,-0.010364753788408728,0.9971267992754813;0.07575055225299712;-0.06056359516797932;
0.9971267992754813;0.07575055225299712;-0.06056359516797932;,-0.09699733881198316,-0.006153584161064154,0.9981348273653892;0.061048066310611805;-0.29474269741418097;
0.9981348273653892;0.061048066310611805;-0.29474269741418097;,-0.07252929883028497,-0.012439873233979952,0.9992872203535091;0.03774985083622617;-0.466544544172077;
0.9992872203535091;0.03774985083622617;-0.466544544172077;,-0.038619434033707066,-0.02319807568920019,0.9999494559556126;0.010054130199790895;-0.5540904581460286;
0.9999494559556126;0.010054130199790895;-0.5540904581460286;,-0.0011479425818429164,-0.03080271779228933,0.9998478331335805;-0.01744449993791181;-0.5499936882417142;
0.9998478331335805;-0.01744449993791181;-0.5499936882417142;,0.03376368433037002,-0.03055820710749463,0.9991785821219172;-0.040523586080640675;-0.46178601020403803;
0.9991785821219172;-0.040523586080640675;-0.46178601020403803;,0.06087079373960684,-0.0229825136506922,0.9984316819536925;-0.055983716124607494;-0.309566318545698;
0.9984316819536925;-0.055983716124607494;-0.309566318545698;,0.0766419052732854,-0.012744082793874864,0.9980727608163134;-0.062054525350712327;-0.12162838981929738;
0.9980727608163134;-0.062054525350712327;-0.12162838981929738;,0.07960595780026901,-0.005360412042753042,0.9982857365966266;-0.058528523881359026;0.07064858956847539;
0.9982857365966266;-0.058528523881359026;0.07064858956847539;,0.07030535072077233,-0.003948400511289866,0.9989107529400537;-0.046661629426489985;0.23766824881977314;
0.9989107529400537;-0.046661629426489985;0.23766824881977314;,0.05103688591612742,-0.007837928425795905,0.9995827290177351;-0.028885426246761124;0.3557826844982879;
0.9995827290177351;-0.028885426246761124;0.3557826844982879;,0.025444573582069845,-0.013495321573526111,0.9999649983002795;-0.00836673020492971;0.4104523355594266;
0.9999649983002795;-0.00836673020492971;0.4104523355594266;,-0.0020697821365070193,-0.01691713292042906,0.9999335121920786;0.011531313681201243;0.3979679414962083;
0.9999335121920786;0.011531313681201243;0.3979679414962083;,-0.027093602986046857,-0.015973761588575865,0.9996136507448828;0.027794770092363325;0.32533561779896863;
0.9996136507448828;0.027794770092363325;0.32533561779896863;,-0.04594718174942292,-0.011365519265516504,0.999269882082587;0.03820605662264224;0.20834015011997237;
0.999269882082587;0.03820605662264224;0.20834015011997237;,-0.05622333827218322,-0.00581361963042162,0.9991335304502404;0.04161956667288199;0.06832467777040438;
0.9991335304502404;0.04161956667288199;0.06832467777040438;,-0.05702858128801185,-0.002213024609430547,0.9992760235658109;0.03804508807324438;-0.07154639108896971;
0.9992760235658109;0.03804508807324438;-0.07154639108896971;,-0.048962171084287534,-0.0019696054006501937,0.9995922104084427;0.028555435397898444;-0.18989908828689903;
0.9995922104084427;0.028555435397898444;-0.18989908828689903;,-0.03390886781084738,-0.004426400238411145,0.9998867680161043;0.015048293800596996;-0.2702091151710173;
0.9998867680161043;0.015048293800596996;-0.2702091151710173;,-0.01468562642248442,-0.007528627504391802,0.9999999949873024;-1.0012689518964535E-4;-0.30297977408802285;
0.9999999949873024;-1.0012689518964535E-4;-0.30297977408802285;,0.0054376175397854495,-0.009179802646776146,0.9998957850379508;-0.014436726198828803;-0.2867420166400587;
0.9998957850379508;-0.014436726198828803;-0.2867420166400587;,0.023285156814110693,-0.008432700749243852,0.9996666066113363;-0.025820062474282385;-0.22771409084684824;
0.9996666066113363;-0.025820062474282385;-0.22771409084684824;,0.036281696585740354,-0.005857459994054856,0.9994642696879394;-0.03272878881281487;-0.13823404794533894;
0.9994642696879394;-0.03272878881281487;-0.13823404794533894;,0.042809966549125965,-0.0029897522808591203,0.9994065826338584;-0.034445356553718255;-0.03435073990757219;
0.9994065826338584;-0.034445356553718255;-0.03435073990757219;,0.04237100727608432,-0.0013121306745020119,0.9995162549026122;-0.031100742522588407;0.06692826450539206;
0.9995162549026122;-0.031100742522588407;0.06692826450539206;,0.03556014182743794,-0.001420565561663387,0.9997217310692303;-0.023589413471757796;0.15028313309576458;
0.9997217310692303;-0.023589413471757796;0.15028313309576458;,0.02389472191461878,-0.002817349514903587,0.9999105180350696;-0.013377440817987503;0.20427523873580258;
0.9999105180350696;-0.013377440817987503;0.20427523873580258;,0.009525438986477109,-0.004352166850940299,0.9999974981042432;-0.002236914225902123;0.2228184750817433;
0.9999974981042432;-0.002236914225902123;0.2228184750817433;,-0.005134079995468907,-0.004969916512484967,0.999967598833366;0.008049924436441591;0.20573854942590997;
0.999967598833366;0.008049924436441591;0.20573854942590997;,-0.017803739078818274,-0.004298905647704748,0.9998725102025157;0.015967571553628133;0.15836477551678635;
0.9998725102025157;0.015967571553628133;0.15836477551678635;,-0.026686831274069265,-0.0027657739733377346,0.9997902460880693;0.020480816076458963;0.09027996035979965;
0.9997902460880693;0.020480816076458963;0.09027996035979965;,-0.030710920565236086,-0.0012383422570740883,0.9997761855114323;0.02115606022420138;0.013507810721435615;
0.9997761855114323;0.02115606022420138;0.013507810721435615;,-0.029630984811206847,-4.6940375186588527E-4,0.999834716831618;0.018180732060021902;-0.05951809854403389;
0.999834716831618;0.018180732060021902;-0.05951809854403389;,-0.02399891289494783,-6.871196400509796E-4,0.9999245063118152;0.012287460155489637;-0.11787928818386095;
0.9999245063118152;0.012287460155489637;-0.11787928818386095;,-0.015020209081269636,-0.0015414443611703537,0.9999894128720288;0.004601537118746928;-0.15372432031105265;
0.9999894128720288;0.004601537118746928;-0.15372432031105265;,-0.004324859231030577,-0.002384365776444001,0.9999936602376656;-0.0035608263754676704;-0.1632477451650842;
0.9999936602376656;-0.0035608263754676704;-0.1632477451650842;,0.006313032182593697,-0.0026778215857161452,0.9999404887514884;-0.01090958090095111;-0.14697926839890385;
0.9999404887514884;-0.01090958090095111;-0.14697926839890385;,0.01526160040836751,-0.0022802458772671983,0.9998658732387088;-0.01637789768542687;-0.10937665284951464;
0.9998658732387088;-0.01637789768542687;-0.10937665284951464;,0.02127460318154568,-0.0014663951732780491,0.9998143307534747;-0.019269250633627548;-0.05783626656894775;
0.9998143307534747;-0.019269250633627548;-0.05783626656894775;,0.023653448127136042,-7.08091300139322E-4,0.9998130492063549;-0.01933563127210727;-0.0013278601627602846;
0.9998130492063549;-0.01933563127210727;-0.0013278601627602846;,0.02231002697286554,-3.7608050854602847E-4,0.999859188707252;-0.016781023737420735;0.05110049730175588;
0.999859188707252;-0.016781023737420735;0.05110049730175588;,0.017732163518190496,-5.440129959584387E-4,0.9999256266596211;-0.01219594807154575;0.09171122005326182;
0.9999256266596211;-0.01219594807154575;0.09171122005326182;,0.010866208500703252,-9.903156109065925E-4,0.9999792754658211;-0.006438061730942067;0.11516288450171226;
0.9999792754658211;-0.006438061730942067;0.11516288450171226;,0.002939172086111596,-0.0013677327631329802,0.9999998845533983;-4.805134650043173E-4;0.1191518544618405;
0.9999998845533983;-4.805134650043173E-4;0.1191518544618405;,-0.00475042027115621,-0.0014200376013483935,0.9999887354045289;0.004746479121516021;0.10454020854961862;
0.9999887354045289;0.004746479121516021;0.10454020854961862;,-0.011038710941434195,-0.0011158821661560324,0.9999639118113625;0.008495591498996587;0.07498393506645305;
0.9999639118113625;0.008495591498996587;0.07498393506645305;,-0.015066322042536218,-6.353438394430422E-4,0.9999469191370814;0.010303344518119168;0.03615666256309184;
0.9999469191370814;0.010303344518119168;0.03615666256309184;,-0.0163870125808007,-2.379672265384503E-4,0.9999496028010698;0.010039514828051323;-0.005276866790720883;
0.9999496028010698;0.010039514828051323;-0.005276866790720883;,-0.015003738072965034,-1.044802254349371E-4,0.9999687812470777;0.00790167901361597;-0.042758444888577496;
0.9999687812470777;0.00790167901361597;-0.042758444888577496;,-0.011333605876604326,-2.457800941352524E-4,0.9999904947307495;0.004360097263903457;-0.0708330032581785;
0.9999904947307495;0.004360097263903457;-0.0708330032581785;,-0.006112989667000426,-5.208914782456208E-4,0.9999999978864526;6.501611298038356E-5;-0.0859018993112522;
0.9999999978864526;6.501611298038356E-5;-0.0859018993112522;,-2.610222359016217E-4,-7.379181301534346E-4,0.9999908972479338;-0.004266781137154157;-0.08663620393422178;
0.9999908972479338;-0.004266781137154157;-0.08663620393422178;,0.0052753667085961055,-7.689000329414156E-4,0.999968261204831;-0.007967219275699515;-0.07401018966129908;
0.999968261204831;-0.007967219275699515;-0.07401018966129908;,0.009669571457708253,-6.116027459435939E-4,0.999944705824635;-0.010515954226037903;-0.05097688974494895;
0.999944705824635;-0.010515954226037903;-0.05097688974494895;,0.012333539951968934,-3.710621635314466E-4,0.9999326127194677;-0.011609049057481481;-0.021863235558570573;
0.9999326127194677;-0.011609049057481481;-0.021863235558570573;,0.012989774964760906,-1.8325111869714475E-4,0.9999373999356775;-0.011189111219255272;0.008399302542601038;
0.9999373999356775;-0.011189111219255272;0.008399302542601038;,0.011689922937651066,-1.3280288043610863E-4,0.9999554861623433;-0.009435342804141355;0.03507723794111279;
0.9999554861623433;-0.009435342804141355;0.03507723794111279;,0.008781741223048289,-2.1237807388853832E-4,0.9999774330794776;-0.0067181345460569225;0.05434595450715164;
0.9999774330794776;-0.0067181345460569225;0.05434595450715164;,0.004833526051803146,-3.40575739826861E-4,0.9999937773606218;-0.003527781177343399;0.06380793175301838;
0.9999937773606218;-0.003527781177343399;0.06380793175301838;,5.304221328275136E-4,-4.1959163251390207E-4,0.999999923903045;-3.901203714113099E-4;0.06275336226849337;
0.999999923903045;-3.901203714113099E-4;0.06275336226849337;,-0.003439674293690794,-3.939979669489746E-4,0.9999975425295027;0.0022169652580921345;0.05214174910886251;
0.9999975425295027;0.0022169652580921345;0.05214174910886251;,-0.006492210307891829,-2.769597381996879E-4,0.9999922643527517;0.003933349038209027;0.03432784212875613;
0.9999922643527517;0.003933349038209027;0.03432784212875613;,-0.008228050982457909,-1.335821922569656E-4,0.9999895893317478;0.004563028393785039;0.012593700960039169;
0.9999895893317478;0.004563028393785039;0.012593700960039169;,-0.008480614091615631,-3.696918628051283E-5,0.9999916287996711;0.004091739309974426;-0.009425870019468947;
0.9999916287996711;0.004091739309974426;-0.009425870019468947;,-0.0073236462228176815,-2.5841669755215716E-5,0.9999964212519393;0.0026753473258611647;-0.02832800420544117;
0.9999964212519393;0.0026753473258611647;-0.02832800420544117;,-0.005041644365016761,-8.750675532854264E-5,0.9999998181779114;6.030291404776304E-4;-0.04144642680609558;
0.9999998181779114;6.030291404776304E-4;-0.04144642680609558;,-0.0020702991268109023,-1.7216141824154596E-4,0.9999984560832891;-0.0017572225351972267;-0.04720505233117006;
0.9999984560832891;-0.0017572225351972267;-0.04720505233117006;,0.0010817876897335653,-2.2592421183371673E-4,0.9999919153732186;-0.004021092911321039;-0.04527760616336728;
0.9999919153732186;-0.004021092911321039;-0.04527760616336728;,0.003916774451905344,-2.2123680182670479E-4,0.9999828989828226;-0.005848225535161846;-0.03654310249114203;
0.9999828989828226;-0.005848225535161846;-0.03654310249114203;,0.0060233150874699,-1.6788708710333117E-4,0.9999755614847033;-0.006991168239449468;-0.022859326380103715;
0.9999755614847033;-0.006991168239449468;-0.022859326380103715;,0.007133202674742978,-1.0133564025176398E-4,0.9999731621986937;-0.007326314376609831;-0.006703094535461883;
0.9999731621986937;-0.007326314376609831;-0.006703094535461883;,0.007151642547036393,-5.837357430302634E-5,0.9999764461043961;-0.006863471164208313;0.009257097323189925;
0.9999764461043961;-0.006863471164208313;0.009257097323189925;,0.006158590220152747,-5.5829074156844785E-5,0.9999835591657324;-0.005734230395968655;0.022585264610491932;
0.9999835591657324;-0.005734230395968655;0.022585264610491932;,0.004383221118139126,-8.396802689789702E-5,0.9999913366051584;-0.004162537042346906;0.031434255167932815;
0.9999913366051584;-0.004162537042346906;0.031434255167932815;,0.0021574745531136733,-1.1615667328357526E-4,0.9999970637851271;-0.0024233078888931856;0.03478477604551365;
0.9999970637851271;-0.0024233078888931856;0.03478477604551365;,-1.42679332746025E-4,-1.2687057850273992E-4,0.9999996829154227;-7.9634731998008E-4;0.03253925713060569;
0.9999996829154227;-7.9634731998008E-4;0.03253925713060569;,-0.0021583344967292585,-1.0653312828046271E-4,0.9999998862344273;4.770022352829228E-4;0.025466993150432854;
0.9999998862344273;4.770022352829228E-4;0.025466993150432854;,-0.0036015111874082763,-6.513618869347321E-5,0.9999992459923559;0.0012280125079615462;0.015020211264670217;
0.9999992459923559;0.0012280125079615462;0.015020211264670217;,-0.004294013344226915,-2.4142444323680954E-5,0.9999990464585301;0.0013809714083152739;0.0030591806129606283;
0.9999990464585301;0.0013809714083152739;0.0030591806129606283;,-0.004186445932432794,-2.9130471633582763E-6,0.9999995413571056;9.577502694263998E-4;-0.008464428628101298;
0.9999995413571056;9.577502694263998E-4;-0.008464428628101298;,-0.0033560101255129993,-8.12699227492969E-6,0.9999999977526113;6.704310066946299E-5;-0.017814146302570496;
0.9999999977526113;6.704310066946299E-5;-0.017814146302570496;,-0.001985049844556727,-3.1754637317834216E-5,0.9999993740229848;-0.0011189073413470911;-0.02371901351073858;
0.9999993740229848;-0.0011189073413470911;-0.02371901351073858;,-3.2509363364215896E-4,-5.751153709672588E-5,0.9999971305964402;-0.002395579029404049;-0.025533474917675377;
0.9999971305964402;-0.002395579029404049;-0.025533474917675377;,0.0013470121789136745,-7.094190176848792E-5,0.9999936630733581;-0.0035600299334484753;-0.02328912265298739;
0.9999936630733581;-0.0035600299334484753;-0.02328912265298739;,0.002773550231916228,-6.694296038740235E-5,0.999990134502245;-0.004441947566317742;-0.01763849440732506;
0.999990134502245;-0.004441947566317742;-0.01763849440732506;,0.003754072652423853,-5.089904869437184E-5,0.9999878606403293;-0.004927329091652721;-0.009707737124791808;
0.9999878606403293;-0.004927329091652721;-0.009707737124791808;,0.004171839644952754,-3.377240145550945E-5,0.9999876409520945;-0.004971714298403561;-8.877150086730873E-4;
0.9999876409520945;-0.004971714298403561;-8.877150086730873E-4;,0.004005386151517498,-2.4861122993091807E-5,0.9999894119584362;-0.004601735653094469;0.007399657722076736;
0.9999894119584362;-0.004601735653094469;0.007399657722076736;,0.003324583799387401,-2.6695825366710756E-5,0.9999923729723051;-0.003905636595768683;0.013922107380418085;
0.9999923729723051;-0.003905636595768683;0.013922107380418085;,0.0022729872147326637,-3.465724805501817E-5,0.999995454726786;-0.0030150498782922034;0.017811841577789565;
0.999995454726786;-0.0030150498782922034;0.017811841577789565;,0.0010402092023102992,-4.082105149457522E-5,0.9999978336893204;-0.002081493854520169;0.01867118177600131;
0.9999978336893204;-0.002081493854520169;0.01867118177600131;,-1.7068789237435826E-4,-3.919404235228351E-5,0.9999992167544892;-0.0012515951454073258;0.01659799770798811;
0.9999992167544892;-0.0012515951454073258;0.01659799770798811;,-0.001175401217951975,-2.912137028950244E-5,0.9999997920258266;-6.449405427120241E-4;0.01213309769507669;
0.9999997920258266;-6.449405427120241E-4;0.01213309769507669;,-0.0018352736685287078,-1.5150627246885798E-5,0.9999999429584083;-3.377620168773647E-4;0.006143571282456548;
0.9999999429584083;-3.377620168773647E-4;0.006143571282456548;,-0.002075125744337281,-3.905654582065115E-6,0.9999999371583539;-3.545183890340186E-4;-3.3512746321331943E-4;
0.9999999371583539;-3.545183890340186E-4;-3.3512746321331943E-4;,-0.0018899825941700616,-1.512024719137484E-7,0.9999997768435184;-6.680665486406782E-4;-0.006270964037499018;
0.9999997768435184;-6.680665486406782E-4;-0.006270964037499018;,-0.0013405109494523057,-4.385999854194094E-6,0.9999992706773785;-0.0012077436445902922;-0.010793546797336444;
0.9999992706773785;-0.0012077436445902922;-0.010793546797336444;,-5.38725340782423E-4,-1.3109871566863981E-5,0.9999982449610454;-0.0018735193698243586;-0.013315530553126433;
0.9999982449610454;-0.0018735193698243586;-0.013315530553126433;,3.731061134505524E-4,-2.124097115980178E-5,0.9999967395957998;-0.0025535852776217647;-0.013601351740143045;
0.9999967395957998;-0.0025535852776217647;-0.013601351740143045;,0.0012466045721438032,-2.502670495148349E-5,0.999995062588502;-0.0031424192301460095;-0.011776726981927959;
0.999995062588502;-0.0031424192301460095;-0.011776726981927959;,0.0019505328462386385,-2.375917927626923E-5,0.9999936755839155;-0.003556514047609064;-0.00828194286582155;
0.9999936755839155;-0.003556514047609064;-0.00828194286582155;,0.002389650877870525,-1.9530744990393853E-5,0.9999929854720051;-0.0037455315759121486;-0.0037803757679167735;
0.9999929854720051;-0.0037455315759121486;-0.0037803757679167735;,0.002516610440616951,-1.5483529798094132E-5,0.9999931641622621;-0.00369751656481796;9.603068719999698E-4;
0.9999931641622621;-0.00369751656481796;9.603068719999698E-4;,0.0023355918034943285,-1.3785729937166277E-5,0.9999940906760106;-0.00343782097535662;0.005193944858869485;
0.9999940906760106;-0.00343782097535662;0.005193944858869485;,0.0018977527075751204,-1.4530771799821076E-5,0.9999954325952591;-0.003022381283113471;0.008308837250077382;
0.9999954325952591;-0.003022381283113471;0.008308837250077382;,0.0012898101155614258,-1.6045148520802017E-5,0.999996807612755;-0.0025268091140255872;0.009911481634426556;
0.999996807612755;-0.0025268091140255872;0.009911481634426556;,6.180274701435206E-4,-1.6210052537946997E-5,0.9999979328687505;-0.0020332875413879565;0.009870457209337928;
0.9999979328687505;-0.0020332875413879565;0.009870457209337928;,-9.586562528866273E-6,-1.3876856843085568E-5,0.9999986919242343;-0.001617451643877534;0.008316731865710362;
0.9999986919242343;-0.001617451643877534;0.008316731865710362;,-4.999983203121799E-4,-9.533954987592091E-6,0.9999991058546863;-0.0013372695419631444;0.005603648171865672;
0.9999991058546863;-0.0013372695419631444;0.005603648171865672;,-7.883013235134108E-4,-4.930863853168798E-6,0.9999992490990642;-0.0012254800315536047;0.0022357920448530817;
0.9999992490990642;-0.0012254800315536047;0.0022357920448530817;,-8.455505113260508E-4,-2.0045384889912626E-6,0.9999991724862448;-0.001286478459071587;-0.0012199695127902738;
0.9999991724862448;-0.001286478459071587;-0.0012199695127902738;,-6.804792325059821E-4,-1.8057125078512034E-6,0.9999988783095973;-0.0014977915566421174;-0.00422626605461191;
0.9999988783095973;-0.0014977915566421174;-0.00422626605461191;,-3.353000664294654E-4,-4.029963405709037E-6,0.9999983518575746;-0.0018155666152928223;-0.006355509921381895;
0.9999983518575746;-0.0018155666152928223;-0.006355509921381895;,1.233168279476917E-4,-7.335597220636097E-6,0.9999976174107104;-0.0021829275990063986;-0.007347234399008437;
0.9999976174107104;-0.0021829275990063986;-0.007347234399008437;,6.163371269779461E-4,-1.0164885288694325E-5,0.9999967749630064;-0.0025396975383381332;-0.007135418717329397;
0.9999967749630064;-0.0025396975383381332;-0.007135418717329397;,0.0010654376897042787,-1.1546038111105942E-5,0.9999959901902753;-0.002831890423526344;-0.005843878801970161;
0.9999959901902753;-0.002831890423526344;-0.005843878801970161;,0.0014049811124212219,-1.1442612641881312E-5,0.9999954412020008;-0.003019532284276285;-0.0037528532823512526;
0.9999954412020008;-0.003019532284276285;-0.0037528532823512526;,0.0015911335734526437,-1.0536120526060505E-5,0.9999952514369994;-0.0030817370835737614;-0.0012441017752005353;
0.9999952514369994;-0.0030817370835737614;-0.0012441017752005353;,0.0016069423330315922,-9.66224149476979E-6,0.99999544442035;-0.0030184662573337234;0.0012654224112139205;
0.99999544442035;-0.0030184662573337234;0.0012654224112139205;,0.0014628999571590562,-9.279855910764126E-6,0.9999959417241485;-0.0028489533575262274;0.0033902725896907964;
0.9999959417241485;-0.0028489533575262274;0.0033902725896907964;,0.0011932512882005296,-9.271647410624464E-6,0.9999966010170783;-0.002607288685624048;0.004833311436147715;
0.9999966010170783;-0.002607288685624048;0.004833311436147715;,8.489331563251018E-4,-9.136942388195129E-6,0.9999972714144337;-0.0023360572954129947;0.005424644390904985;
0.9999972714144337;-0.0023360572954129947;0.005424644390904985;,4.884861609260121E-4,-8.400804766055027E-6,0.9999978385550587;-0.002079154927025628;0.005138059902123275;
0.9999978385550587;-0.002079154927025628;0.005138059902123275;,1.6848781514866896E-4,-6.962970948057605E-6,0.9999982422844497;-0.0018749474688626736;0.004084157152300061;
0.9999982422844497;-0.0018749474688626736;0.004084157152300061;,-6.49873645049337E-5,-5.183482988312192E-6,0.9999984673512191;-0.0017507984500943889;0.002482984457138255;
0.9999984673512191;-0.0017507984500943889;0.002482984457138255;,-1.8264702796329482E-4,-3.6819529660559257E-6,0.9999985213126775;-0.0017197012701301048;6.219445356775786E-4;
0.9999985213126775;-0.0017197012701301048;6.219445356775786E-4;,-1.7520652160351785E-4,-2.9961796636890827E-6,0.9999984169133151;-0.0017793737278824094;-0.0011934509817305536;
0.9999984169133151;-0.0017793737278824094;-0.0011934509817305536;,-5.329713241160911E-5,-3.30861809194642E-6,0.9999981687460048;-0.001913767132395724;-0.002687872674877188;
0.9999981687460048;-0.001913767132395724;-0.002687872674877188;,1.5567716008306663E-4,-4.385072001508123E-6,0.999997802184027;-0.002096575091827296;-0.0036561665439247813;
0.999997802184027;-0.002096575091827296;-0.0036561665439247813;,4.1302027991814807E-4,-5.733071278896296E-6,0.999997364070369;-0.0022960514615306075;-0.0039895370230408084;
0.999997364070369;-0.0022960514615306075;-0.0039895370230408084;,6.755431287282418E-4,-6.86532757806158E-6,0.999996924055571;-0.0024802982475033092;-0.0036849462330040385;
0.999996924055571;-0.0024802982475033092;-0.0036849462330040385;,9.0253700790323E-4,-7.513033178031686E-6,0.9999965620913098;-0.002622175730401346;-0.0028375588949218307;
0.9999965620913098;-0.002622175730401346;-0.0028375588949218307;,0.0010618371863633817,-7.685505361120705E-6,0.9999963465931117;-0.0027031094001630455;-0.0016186791336326952;
0.9999963465931117;-0.0027031094001630455;-0.0016186791336326952;,0.0011341143830021414,-7.57397530126406E-6,0.9999963135858265;-0.0027152927571886293;-2.4366803474855543E-4;
0.9999963135858265;-0.0027152927571886293;-2.4366803474855543E-4;,0.0011148695530804678,-7.383742024375459E-6,0.9999964566869859;-0.00266206939674188;0.0010644710566013764;
0.9999964566869859;-0.00266206939674188;0.0010644710566013764;,0.001013999914190576,-7.204052859501238E-6,0.9999967319598156;-0.0025565738183482493;0.002109918751616694;
0.9999967319598156;-0.0025565738183482493;0.002109918751616694;,8.531871152301764E-4,-6.984171355639133E-6,0.9999970742835381;-0.0024189717575919876;0.002752049733546036;
0.9999970742835381;-0.0024189717575919876;0.002752049733546036;,6.616738038705378E-4,-6.610564799600978E-6,0.999997417118461;-0.0022728300435027877;0.0029228423269636586;
0.999997417118461;-0.0022728300435027877;0.0029228423269636586;,4.711993651490561E-4,-6.020954143882374E-6,0.9999977075441392;-0.0021412394695987185;0.002631817889783736;
0.9999977075441392;-0.0021412394695987185;0.002631817889783736;,3.1093630375937854E-4,-5.277946739345524E-6,0.999997912450519;-0.0020433048240549056;0.001958697198862833;
0.999997912450519;-0.0020433048240549056;0.001958697198862833;,2.0320486721440005E-4,-4.558915055046187E-6,0.9999980169354807;-0.0019915132703320123;0.0010358331824648539;
0.9999980169354807;-0.0019915132703320123;0.0010358331824648539;,1.6056502289831092E-4,-4.073528511998223E-6,0.9999980193139582;-0.0019903186077791504;2.3893298410777516E-5;
0.9999980193139582;-0.0019903186077791504;2.3893298410777516E-5;,1.8462791488550503E-4,-3.961566830134269E-6,0.9999979272142302;-0.0020360666107061744;-9.149619127670702E-4;
0.9999979272142302;-0.0020360666107061744;-9.149619127670702E-4;,2.666388939556822E-4,-4.229572887201634E-6,0.9999977566728823;-0.0021181711930120754;-0.0016420951889296546;
0.9999977566728823;-0.0021181711930120754;-0.0016420951889296546;,3.89608204462907E-4,-4.75691075209181E-6,0.9999975329858604;-0.0022212658988121927;-0.00206189897029999;
0.9999975329858604;-0.0022212658988121927;-0.00206189897029999;,5.315447339933945E-4,-5.360303203694987E-6,0.9999972903758243;-0.002327926332462801;-0.002133214192428951;
0.9999972903758243;-0.002327926332462801;-0.002133214192428951;,6.692125567466947E-4,-5.8761024596555E-6,0.9999970681594141;-0.00242150213215485;-0.0018715212715359672;
0.9999970681594141;-0.00242150213215485;-0.0018715212715359672;,7.817937171442712E-4,-6.21638802959751E-6,0.9999969033922348;-0.0024886152658463653;-0.0013422667192192908;
0.9999969033922348;-0.0024886152658463653;-0.0013422667192192908;,8.539018574367287E-4,-6.3763033147933245E-6,0.9999968223594231;-0.0025209662941743697;-6.470225962938786E-4;
0.9999968223594231;-0.0025209662941743697;-6.470225962938786E-4;,8.775331191886781E-4,-6.4002286010782E-6,0.9999968343041169;-0.002516223707184252;9.48520406413788E-5;
0.9999968343041169;-0.002516223707184252;9.48520406413788E-5;,8.527353345037768E-4,-6.335203427937007E-6,0.9999969299284462;-0.002477929313389185;7.658902637645202E-4;
0.9999969299284462;-0.002477929313389185;7.658902637645202E-4;,7.86989968195595E-4,-6.201282451728188E-6,0.9999970850692728;-0.002414508843988852;0.0012684131833094164;
0.9999970850692728;-0.002414508843988852;0.0012684131833094164;,6.934993649048662E-4,-5.992675252633249E-6,0.9999972677916712;-0.0023376075788360167;0.0015380296450323758;
0.9999972677916712;-0.0023376075788360167;0.0015380296450323758;,5.88725351071611E-4,-5.702359054972352E-6,0.9999974460661474;-0.002260057783061306;0.0015510000141201966;
0.9999974460661474;-0.002260057783061306;0.0015510000141201966;,4.89613962705494E-4,-5.349388871258289E-6,0.9999975935783542;-0.0021938180190768475;0.001324798564940699;
0.9999975935783542;-0.0021938180190768475;0.001324798564940699;,4.1095630323238796E-4,-4.9890298860805785E-6,0.9999976926094268;-0.0021482029285631657;9.123039603302271E-4;
0.9999976926094268;-0.0021482029285631657;9.123039603302271E-4;,3.632805058864504E-4,-4.6985406635307125E-6,0.9999977344149782;-0.002128653309184251;3.90993281567204E-4;
0.9999977344149782;-0.002128653309184251;3.90993281567204E-4;,3.5155825575162964E-4,-4.5469537019879025E-6,0.9999977183341638;-0.0021361943886919624;-1.508219330660955E-4;
0.9999977183341638;-0.0021361943886919624;-1.508219330660955E-4;,3.7486273053623773E-4,-4.5661702214284274E-6,0.9999976507235473;-0.0021676132925936313;-6.283795329763541E-4;
0.9999976507235473;-0.0021676132925936313;-6.283795329763541E-4;,4.269583256901391E-4,-4.7387700024234196E-6,0.9999975440619799;-0.0022162739019581782;-9.732145253511604E-4;
0.9999975440619799;-0.0022162739019581782;-9.732145253511604E-4;,4.976609241472404E-4,-5.0075833674947965E-6,0.9999974158328454;-0.0022733956169925253;-0.0011424371793780728;
0.9999974158328454;-0.0022733956169925253;-0.0011424371793780728;,5.747013685346664E-4,-5.300173932790051E-6,0.9999972865610377;-0.0023295644575526252;-0.0011233797865184678;
0.9999972865610377;-0.0023295644575526252;-0.0011233797865184678;,6.457677932986541E-4,-5.554746657542845E-6,0.9999971767690744;-0.002376226815873046;-9.332497497869745E-4;
0.9999971767690744;-0.002376226815873046;-9.332497497869745E-4;,7.0039960620885E-4,-5.73552225596789E-6,0.9999971033210657;-0.0024069377801964956;-6.14221043065209E-4;
0.9999971033210657;-0.0024069377801964956;-6.14221043065209E-4;,7.314535100484401E-4,-5.833227511328384E-6,0.9999970761720148;-0.002418190939850335;-2.2506384806726063E-4;
0.9999970761720148;-0.002418190939850335;-2.2506384806726063E-4;,7.359488878204746E-4,-5.854890676569205E-6,0.9999970965868483;-0.0024097339839653964;1.691396105064121E-4;
0.9999970965868483;-0.0024097339839653964;1.691396105064121E-4;,7.152098024413446E-4,-5.811736034254081E-6,0.999997157408152;-0.002384360630369133;5.074685298563988E-4;
0.999997157408152;-0.002384360630369133;5.074685298563988E-4;,6.743351568168285E-4,-5.7127577319218885E-6,0.9999972452036149;-0.0023472505578484046;7.422035275300345E-4;
0.9999972452036149;-0.0023472505578484046;7.422035275300345E-4;,6.211293396092634E-4,-5.566225114112899E-6,0.9999973435001277;-0.0023049929907779567;8.451536279715211E-4;
0.9999973435001277;-0.0023049929907779567;8.451536279715211E-4;,5.646984969292159E-4,-5.38570609991635E-6,0.9999974360893285;-0.002264467877767765;8.105043756757014E-4;
0.9999974360893285;-0.002264467877767765;8.105043756757014E-4;,5.139533609939879E-4,-5.194571860822174E-6,0.9999975096042965;-0.002231767282887881;6.540135503318414E-4;
0.9999975096042965;-0.002231767282887881;6.540135503318414E-4;,4.7625564448471324E-4,-5.024474124555187E-6,0.9999975550298636;-0.002211319582264731;4.089550216200704E-4;
0.9999975550298636;-0.002211319582264731;4.089550216200704E-4;,4.564049865719762E-4,-4.907499908431951E-6,0.9999975682445283;-0.0022053355821240396;1.1968029463745066E-4;
0.9999975682445283;-0.0022053355821240396;1.1968029463745066E-4;,4.560961969119635E-4,-4.865777346619019E-6,0.9999975499021676;-0.002213637201921377;-1.6603280121968872E-4;
0.9999975499021676;-0.002213637201921377;-1.6603280121968872E-4;,4.738944782507925E-4,-4.90385265871828E-6,0.9999975049182002;-0.002233866015299802;-4.0457726790834355E-4;
0.9999975049182002;-0.002233866015299802;-4.0457726790834355E-4;,5.056931448854012E-4,-5.007556853688335E-6,0.9999974416502719;-0.00226201081142393;-5.628973447269913E-4;
0.9999974416502719;-0.00226201081142393;-5.628973447269913E-4;,5.455469481064002E-4,-5.149577465831764E-6,0.9999973707304646;-0.0022931489611085903;-6.22764608975738E-4;
0.9999973707304646;-0.0022931489611085903;-6.22764608975738E-4;,5.867245447482225E-4,-5.298701933830987E-6,0.9999973035238621;-0.0023222715183389016;-5.824526955625133E-4;
0.9999973035238621;-0.0023222715183389016;-5.824526955625133E-4;,6.228018584079994E-4,-5.4284313424107085E-6,0.9999972503453765;-0.0023450589942425664;-4.557507590926916E-4;
0.9999972503453765;-0.0023450589942425664;-4.557507590926916E-4;,6.486253230764756E-4,-5.521765501960836E-6,0.999997218752911;-0.002358492408870477;-2.6866903554518943E-4;
0.999997218752911;-0.002358492408870477;-2.6866903554518943E-4;,6.610069524810499E-4,-5.571462782313063E-6,0.9999972123202421;-0.0023612182755181265;-5.451748475489765E-5;
0.9999972123202421;-0.0023612182755181265;-5.451748475489765E-5;,6.590648340743124E-4,-5.577396787623752E-6,0.9999972302087672;-0.002353630131062123;1.5176331082944488E-4;
0.9999972302087672;-0.002353630131062123;1.5176331082944488E-4;,6.441836524764709E-4,-5.543548123400556E-6,0.9999972676326816;-0.0023376755914559953;3.1909166996226484E-4;
0.9999972676326816;-0.0023376755914559953;3.1909166996226484E-4;,6.196301252597421E-4,-5.476454840684949E-6,0.9999973170506972;-0.002316439381348279;4.247253521494946E-4;
0.9999973170506972;-0.002316439381348279;4.247253521494946E-4;,5.899085828537208E-4,-5.385332136105878E-6,0.9999973697342174;-0.0022935833638319412;4.5712156469944774E-4;
0.9999973697342174;-0.0022935833638319412;4.5712156469944774E-4;,5.599753655921061E-4,-5.282684173377317E-6,0.9999974173221765;-0.0022727404112278062;4.168601386018099E-4;
0.9999974173221765;-0.0022727404112278062;4.168601386018099E-4;,5.344433914893578E-4,-5.183877626932794E-6,0.9999974530654665;-0.0022569587014721576;3.1563500464902843E-4;
0.9999974530654665;-0.0022569587014721576;3.1563500464902843E-4;,5.168997952956653E-4,-5.1049025165291985E-6,0.9999974726199241;-0.0022482779552749823;1.736153644319059E-4;
0.9999974726199241;-0.0022482779552749823;1.736153644319059E-4;,5.094328534451484E-4,-5.05881459784898E-6,0.9999974743851275;-0.0022474926843434164;1.5705458311114455E-5;
0.9999974743851275;-0.0022474926843434164;1.5705458311114455E-5;,5.12424971662991E-4,-5.052306854700998E-6,0.9999974594578613;-0.0022541246245420467;-1.3263913995747463E-4;
0.9999974594578613;-0.0022541246245420467;-1.3263913995747463E-4;,5.246233460163337E-4,-5.083946661539698E-6,0.999997431275419;-0.0022665927212064617;-2.493625703150085E-4;
0.999997431275419;-0.0022665927212064617;-2.493625703150085E-4;,5.434563848851652E-4,-5.144850910138751E-6,0.9999973950031449;-0.002282539577782614;-3.1893795656435923E-4;
0.9999973950031449;-0.002282539577782614;-3.1893795656435923E-4;,5.655286580591753E-4,-5.221447404823181E-6,0.9999973567157825;-0.002299252367212369;-3.342566657237938E-4;
0.9999973567157825;-0.002299252367212369;-3.342566657237938E-4;,5.872048221510573E-4,-5.299122753939306E-6,0.9999973224521969;-0.0023141064014286215;-2.9708147467989845E-4;
0.9999973224521969;-0.0023141064014286215;-2.9708147467989845E-4;,6.051860996635287E-4,-5.365388737271651E-6,0.9999972972733104;-0.002324961521064927;-2.1710297676077827E-4;
0.9999972972733104;-0.002324961521064927;-2.1710297676077827E-4;,6.169913461922193E-4,-5.411691897613314E-6,0.9999972844883663;-0.0023304540101342338;-1.0985007898281549E-4;
0.9999972844883663;-0.0023304540101342338;-1.0985007898281549E-4;,6.212760648981838E-4,-5.4337763651376014E-6,0.99999728520349;-0.0023301471305619084;6.137608111060448E-6;
0.99999728520349;-0.0023301471305619084;6.137608111060448E-6;,6.179526686229842E-4,-5.431126705920427E-6,0.9999972982814122;-0.0023245278824773766;1.1238526605858151E-4;
0.9999972982814122;-0.0023245278824773766;1.1238526605858151E-4;,6.081085961169299E-4,-5.406181837855671E-6,0.9999973207030208;-0.0023148621513555292;1.933151425513388E-4;
0.9999973207030208;-0.0023148621513555292;1.933151425513388E-4;,5.937501897727642E-4,-5.363743582875181E-6,0.9999973482273338;-0.002302941228213459;2.3841909835298442E-4;
0.9999973482273338;-0.002302941228213459;2.3841909835298442E-4;,5.774248833046509E-4,-5.310565721100721E-6,0.9999973761901338;-0.00229076686897147;2.4348782710684246E-4;
0.9999973761901338;-0.00229076686897147;2.4348782710684246E-4;,5.617889500757657E-4,-5.254813086642539E-6,0.9999974002769366;-0.0022802279202164405;2.1077952560553725E-4;
0.9999974002769366;-0.0022802279202164405;2.1077952560553725E-4;,5.491913222789486E-4,-5.205097624824813E-6,0.9999974171439888;-0.002272818811801599;1.4818255228005262E-4;
0.9999974171439888;-0.002272818811801599;1.4818255228005262E-4;,5.413361751829049E-4,-5.169082232439266E-6,0.9999974248177909;-0.002269439972066832;6.757696897756826E-5;
0.9999974248177909;-0.002269439972066832;6.757696897756826E-5;,5.390701194775944E-4,-5.151985679949242E-6,0.9999974228551852;-0.0022703046024213857;-1.7292651639772168E-5;
0.9999974228551852;-0.0022703046024213857;-1.7292651639772168E-5;,5.423172314941146E-4,-5.155498178842818E-6,0.9999974122795625;-0.002274958060852794;-9.306940897346755E-5;
0.9999974122795625;-0.002274958060852794;-9.306940897346755E-5;,5.501606855356528E-4,-5.17752000564503E-6,0.9999973953255248;-0.0022823983364366586;-1.488058980061045E-4;
0.9999973953255248;-0.0022823983364366586;-1.488058980061045E-4;,5.610473324584666E-4,-5.212824627907735E-6,0.9999973750341354;-0.0022912714458829804;-1.7746265295819855E-4;
0.9999973750341354;-0.0022912714458829804;-1.7746265295819855E-4;,5.730744819252635E-4,-5.254396982748176E-6,0.9999973547525527;-0.0023001060621825526;-1.766927915946433E-4;
0.9999973547525527;-0.0023001060621825526;-1.766927915946433E-4;,5.843086119299094E-4,-5.29498492754537E-6,0.9999973376067215;-0.0023075483675540844;-1.4884650244182968E-4;
0.9999973376067215;-0.0023075483675540844;-1.4884650244182968E-4;,5.930846395023712E-4,-5.32841144540786E-6,0.9999973260271265;-0.0023125610471593262;-1.0025385960027947E-4;
0.9999973260271265;-0.0023125610471593262;-1.0025385960027947E-4;,5.982412678125989E-4,-5.350384784442775E-6,0.9999973214056934;-0.002314558583889937;-3.9950841531977656E-5;
0.9999973214056934;-0.002314558583889937;-3.9950841531977656E-5;,5.992611158100065E-4,-5.358787067263843E-6,0.9999973239411051;-0.002313462908424396;2.191356798058927E-5;
0.9999973239411051;-0.002313462908424396;2.191356798058927E-5;,5.96301332749067E-4,-5.353590498609366E-6,0.9999973326927531;-0.0023096768992939606;7.57203849094933E-5;
0.9999973326927531;-0.0023096768992939606;7.57203849094933E-5;,5.901183026774635E-4,-5.3365831812848205E-6,0.9999973458206564;-0.002303986033512348;1.138176184714136E-4;
0.9999973458206564;-0.002303986033512348;1.138176184714136E-4;,5.819060351583917E-4,-5.311010939074739E-6,0.9999973609530561;-0.0022974087409793026;1.3154619881232765E-4;
0.9999973609530561;-0.0022974087409793026;1.3154619881232765E-4;,5.73079607383128E-4,-5.281140330409224E-6,0.9999973756048877;-0.0022910223345252033;1.2772846522723458E-4;
0.9999973756048877;-0.0022910223345252033;1.2772846522723458E-4;,5.650410823207836E-4,-5.251701062342966E-6,0.9999973875715392;-0.002285793100152732;1.0458496129568276E-4;
0.9999973875715392;-0.002285793100152732;1.0458496129568276E-4;,5.589651801474842E-4,-5.227202766120764E-6,0.9999973952388186;-0.002282436325078039;6.713567662358663E-5;
0.9999973952388186;-0.002282436325078039;6.713567662358663E-5;,5.556361192820729E-4,-5.211210270307503E-6,0.9999973977736221;-0.0022813254884370385;2.2216790661276474E-5;
0.9999973977736221;-0.0022813254884370385;2.2216790661276474E-5;,5.553568023476027E-4,-5.205738056260606E-6,0.999997395182884;-0.0022824608314123253;-2.27069186236944E-5;
0.999997395182884;-0.0022824608314123253;-2.27069186236944E-5;,5.579388062086144E-4,-5.210933236957191E-6,0.9999973882468818;-0.0022854976296693263;-6.073612355709505E-5;
0.9999973882468818;-0.0022854976296693263;-6.073612355709505E-5;,5.627685844761379E-4,-5.22514423182066E-6,0.9999973783466158;-0.0022898252979641136;-8.655359238067591E-5;
0.9999973783466158;-0.0022898252979641136;-8.655359238067591E-5;,5.689339351232044E-4,-5.2453529550122035E-6,0.9999973672153466;-0.0022946813232304552;-9.71207604841479E-5;
0.9999973672153466;-0.0022946813232304552;-9.71207604841479E-5;,5.753867404770842E-4,-5.267839141073838E-6,0.9999973566525054;-0.0022992798876729013;-9.197153147573692E-5;
0.9999973566525054;-0.0022992798876729013;-9.197153147573692E-5;,5.811142362883681E-4,-5.28889396952272E-6,0.9999973482432547;-0.0023029343149158586;-7.308873836530862E-5;
0.9999973482432547;-0.0023029343149158586;-7.308873836530862E-5;,5.852918610562856E-4,-5.305420297188472E-6,0.9999973431266752;-0.0023051550035906036;-4.441389138334587E-5;
0.9999973431266752;-0.0023051550035906036;-4.441389138334587E-5;,5.8739560955964E-4,-5.315326396331582E-6,0.9999973418479309;-0.002305709667886441;-1.1093315397378736E-5;
0.9999973418479309;-0.002305709667886441;-1.1093315397378736E-5;,5.872597079415567E-4,-5.317698295639506E-6,0.9999973443148776;-0.002304639492854193;2.140355751246073E-5;
0.9999973443148776;-0.002304639492854193;2.140355751246073E-5;,5.850749004371814E-4,-5.3127876573600955E-6,0.9999973498602426;-0.0023022320672817305;4.8148639183360185E-5;
0.9999973498602426;-0.0023022320672817305;4.8148639183360185E-5;,5.81332115364044E-4,-5.301865473201878E-6,0.9999973573913488;-0.002298958529204047;6.54709348141944E-5;
0.9999973573913488;-0.002298958529204047;6.54709348141944E-5;,5.767243045108529E-4,-5.286978718199853E-6,0.999997365595122;-0.0022953872910546186;7.142495144371754E-5;
0.999997365595122;-0.0022953872910546186;7.142495144371754E-5;,5.720247029771591E-4,-5.270631070800905E-6,0.9999973731597095;-0.002292089370126012;6.595859208423077E-5;
0.9999973731597095;-0.002292089370126012;6.595859208423077E-5;,5.679619936349998E-4,-5.255408257924649E-6,0.9999973789758202;-0.002289550499518117;5.0777545394721E-5;
0.9999973789758202;-0.002289550499518117;5.0777545394721E-5;,5.651117820597903E-4,-5.243585890752116E-6,0.9999973822888989;-0.002288103002462878;2.895001693550403E-5;
0.9999973822888989;-0.002288103002462878;2.895001693550403E-5;,5.638198110742865E-4,-5.236779867895273E-6,0.9999973827845012;-0.002287886393114286;4.332198311205082E-6;
0.9999973827845012;-0.002287886393114286;4.332198311205082E-6;,5.641662995075006E-4,-5.235708292136602E-6,0.9999973806009793;-0.0022888405755160375;-1.90836980020077E-5;
0.9999973806009793;-0.0022888405755160375;-1.90836980020077E-5;,5.659737624883964E-4,-5.240118052417402E-6,0.9999973762741045;-0.0022907302126709155;-3.7792842173846496E-5;
0.9999973762741045;-0.0022907302126709155;-3.7792842173846496E-5;,5.688538143088147E-4,-5.24889129436855E-6,0.9999973706268175;-0.002293194159136752;-4.9279058750588935E-5;
0.9999973706268175;-0.002293194159136752;-4.9279058750588935E-5;,5.722828095427707E-4,-5.260301542657836E-6,0.9999973646236824;-0.0022958104647233806;-5.232624947484072E-5;
0.9999973646236824;-0.0022958104647233806;-5.232624947484072E-5;,5.756925188295028E-4,-5.272354441356148E-6,0.9999973592135241;-0.002298165785586281;-4.710654152886764E-5;
0.9999973592135241;-0.002298165785586281;-4.710654152886764E-5;,5.78560773826793E-4,-5.283136109280185E-6,0.9999973551846186;-0.002299918208916873;-3.504855923819935E-5;
0.9999973551846186;-0.002299918208916873;-3.504855923819935E-5;,5.804881632695393E-4,-5.291103800621495E-6,0.999997353054152;-0.0023008443427722887;-1.8522726117236284E-5;
0.999997353054152;-0.0023008443427722887;-1.8522726117236284E-5;,5.812500598758183E-4,-5.295279747098693E-6,0.9999973530074673;-0.002300864632897031;-4.0580356899782156E-7;
0.9999973530074673;-0.002300864632897031;-4.0580356899782156E-7;,5.808178594159946E-4,-5.295336815021582E-6,0.9999973548937595;-0.002300044670066388;1.639930000621303E-5;
0.9999973548937595;-0.002300044670066388;1.639930000621303E-5;,5.793485054570656E-4,-5.291584285552314E-6,0.9999973582750451;-0.0022985741082623234;2.9411313827618603E-5;
0.9999973582750451;-0.0022985741082623234;2.9411313827618603E-5;,5.771463139528188E-4,-5.284871130132169E-6,0.9999973625164716;-0.0022967281294105227;3.691967448933211E-5;
0.9999973625164716;-0.0022967281294105227;3.691967448933211E-5;,5.746050613103803E-4,-5.276426365662046E-6,0.9999973669001088;-0.002294818696374319;3.8188761362580906E-5;
0.9999973669001088;-0.002294818696374319;3.8188761362580906E-5;,5.721407264824032E-4,-5.267657311710509E-6,0.999997370742174;-0.0022931438548546854;3.349691852905113E-5;
0.999997370742174;-0.0022931438548546854;3.349691852905113E-5;,5.701259247980797E-4,-5.259930335023977E-6,0.999997373495152;-0.0022919430179212364;2.4016801782276133E-5;
0.999997373495152;-0.0022919430179212364;2.4016801782276133E-5;,5.688359742547689E-4,-5.254363973575681E-6,0.9999973748205828;-0.00229136464638467;1.1567461105655745E-5;
0.9999973748205828;-0.00229136464638467;1.1567461105655745E-5;,5.684139946008185E-4,-5.25166688995179E-6,0.9999973746242047;-0.002291450348153698;-1.7140398803910572E-6;
0.9999973746242047;-0.002291450348153698;-1.7140398803910572E-6;,5.688589553627885E-4,-5.252048584023726E-6,0.9999973730514689;-0.002292136593096868;-1.3724934907299E-5;
0.9999973730514689;-0.002292136593096868;-1.3724934907299E-5;,5.700367676498579E-4,-5.255217967609819E-6,0.9999973704472916;-0.0022932724439505784;-2.2717076780376205E-5;
0.9999973704472916;-0.0022932724439505784;-2.2717076780376205E-5;,5.717109685293192E-4,-5.26046674186516E-6,0.999997367288679;-0.002294649365535474;-2.7538504155352576E-5;
0.999997367288679;-0.002294649365535474;-2.7538504155352576E-5;,5.735867996882809E-4,-5.266816796500726E-6,0.9999973641021536;-0.0022960376183404894;-2.7765129242115527E-5;
0.9999973641021536;-0.0022960376183404894;-2.7765129242115527E-5;,5.753608952587966E-4,-5.273199259658925E-6,0.9999973613794229;-0.002297223148074987;-2.37106572210927E-5;
0.9999973613794229;-0.002297223148074987;-2.37106572210927E-5;,5.767685227700488E-4,-5.278630342386605E-6,0.9999973595042743;-0.0022980392684191437;-1.6322449967186813E-5;
0.9999973595042743;-0.0022980392684191437;-1.6322449967186813E-5;,5.77621307996424E-4,-5.282355003227364E-6,0.9999973587012809;-0.0022983886663610308;-6.987977292272593E-6;
0.9999973587012809;-0.0022983886663610308;-6.987977292272593E-6;,5.778303720545153E-4,-5.283940198541845E-6,0.9999973590128918;-0.0022982530847640973;2.711639100500508E-6;
0.9999973590128918;-0.0022982530847640973;2.711639100500508E-6;,5.774124340307701E-4,-5.283310897154421E-6,0.9999973603065495;-0.0022976901298695064;1.1259127619737793E-5;
0.9999973603065495;-0.0022976901298695064;1.1259127619737793E-5;,5.764792339895698E-4,-5.280731213567762E-6,0.9999973623085185;-0.0022968186705597097;1.742923218631728E-5;
0.9999973623085185;-0.0022968186705597097;1.742923218631728E-5;,5.752131658011929E-4,-5.276739140546344E-6,0.9999973646570355;-0.002295795936922666;2.0454726670113454E-5;
0.9999973646570355;-0.002295795936922666;2.0454726670113454E-5;,5.738339078304084E-4,-5.272047225035054E-6,0.9999973669648952;-0.00229479046469781;2.010949746933926E-5;
0.9999973669648952;-0.00229479046469781;2.010949746933926E-5;,5.725618588287974E-4,-5.267424268219019E-6,0.9999973688809518;-0.002293955355624268;1.670222543237437E-5;
0.9999973688809518;-0.002293955355624268;1.670222543237437E-5;,5.715842365226004E-4,-5.263575134573345E-6,0.999997370141148;-0.002293405936155415;1.0988418281974482E-5;
0.999997370141148;-0.002293405936155415;1.0988418281974482E-5;,5.71028843196735E-4,-5.2610363798306395E-6,0.9999973706021592;-0.0022932049118962548;4.020495755618049E-6;
0.9999973706021592;-0.0022932049118962548;4.020495755618049E-6;,5.709489455802612E-4,-5.260103533489848E-6,0.9999973702539988;-0.002293356729068329;-3.036351425789692E-6;
0.9999973702539988;-0.002293356729068329;-3.036351425789692E-6;,5.713207480393492E-4,-5.2608008590482025E-6,0.9999973692113752;-0.0022938113105781047;-9.09165410898898E-6;
0.9999973692113752;-0.0022938113105781047;-9.09165410898898E-6;,5.720528919404753E-4,-5.262896800464865E-6,0.9999973676867492;-0.0022944758818903037;-1.3291461221141308E-5;
0.9999973676867492;-0.0022944758818903037;-1.3291461221141308E-5;,5.730056101931749E-4,-5.265959819353367E-6,0.999997365950515;-0.0022952324570010662;-1.5131542059344628E-5;
0.999997365950515;-0.0022952324570010662;-1.5131542059344628E-5;,5.740158630701439E-4,-5.269442155829095E-6,0.9999973642852564;-0.0022959578698696693;-1.4508295599712816E-5;
0.9999973642852564;-0.0022959578698696693;-1.4508295599712816E-5;,5.749241415100129E-4,-5.272775003012462E-6,0.9999973629414592;-0.0022965430820004163;-1.1704273471926058E-5;
0.9999973629414592;-0.0022965430820004163;-1.1704273471926058E-5;,5.755986952263441E-4,-5.275458354022799E-6,0.9999973621013744;-0.0022969088560003525;-7.315499293205661E-6;
0.9999973621013744;-0.0022969088560003525;-7.315499293205661E-6;,5.759536602233049E-4,-5.277131812914582E-6,0.9999973618560404;-0.0022970156637497686;-2.136160623555403E-6;
0.9999973618560404;-0.0022970156637497686;-2.136160623555403E-6;,5.759587645820875E-4,-5.277617609563707E-6,0.9999973621980991;-0.0022968667448770947;2.978385310380663E-6;
0.9999973621980991;-0.0022968667448770947;2.978385310380663E-6;,5.756397607716044E-4,-5.276932452670386E-6,0.9999973630303731;-0.0022965043653844627;7.247608967372696E-6;
0.9999973630303731;-0.0022965043653844627;7.247608967372696E-6;,5.750702214690827E-4,-5.2752696475319975E-6,0.9999973641876841;-0.00229600036674639;1.0079999336273624E-5;
0.9999973641876841;-0.00229600036674639;1.0079999336273624E-5;,5.7435661387579E-4,-5.272956650161544E-6,0.9999973654674992;-0.002295442889920249;1.1149565903850923E-5;
0.9999973654674992;-0.002295442889920249;1.1149565903850923E-5;,5.736194544888487E-4,-5.270395903631971E-6,0.9999973666639503;-0.002294921603196777;1.042576193021044E-5;
0.9999973666639503;-0.002294921603196777;1.042576193021044E-5;,5.729737356932897E-4,-5.267998476024248E-6,0.9999973675997095;-0.002294513815939805;8.155766612496545E-6;
0.9999973675997095;-0.002294513815939805;8.155766612496545E-6;,5.72511685305096E-4,-5.266120621087468E-6,0.9999973681509904;-0.002294273543543587;4.8054605729311E-6;
0.9999973681509904;-0.002294273543543587;4.8054605729311E-6;,5.722903297434244E-4,-5.265012702242485E-6,0.9999973682624097;-0.0022942249790641237;9.712921455138188E-7;
0.9999973682624097;-0.0022942249790641237;9.712921455138188E-7;,5.723254064153555E-4,-5.264787809111215E-6,0.9999973679502455;-0.002294361039851351;-2.7212229065121417E-6;
0.9999973679502455;-0.002294361039851351;-2.7212229065121417E-6;,5.725920786158751E-4,-5.265414005363325E-6,0.9999973672945031;-0.0022946468274464183;-5.715766947399742E-6;
0.9999973672945031;-0.0022946468274464183;-5.715766947399742E-6;,5.730318271945439E-4,-5.2667300331282695E-6,0.9999973664218448;-0.0022950270967425413;-7.605405948581629E-6;
0.9999973664218448;-0.0022950270967425413;-7.605405948581629E-6;,5.735639921353654E-4,-5.268480309261583E-6,0.9999973654826644;-0.002295436283269691;-8.183752099391417E-6;
0.9999973654826644;-0.002295436283269691;-8.183752099391417E-6;,5.740998389133238E-4,-5.270362044674726E-6,0.9999973646262309;-0.0022958093546772505;-7.46144781168852E-6;
0.9999973646262309;-0.0022958093546772505;-7.46144781168852E-6;,5.745567979479938E-4,-5.272075882661688E-6,0.9999973639778464;-0.0022960917574317025;-5.64806997564535E-6;
0.9999973639778464;-0.0022960917574317025;-5.64806997564535E-6;,5.748706772638981E-4,-5.273371718616248E-6,0.9999973636213826;-0.002296246999835338;-3.104856257728039E-6;
0.9999973636213826;-0.002296246999835338;-3.104856257728039E-6;,5.750041265807186E-4,-5.274083034572949E-6,0.9999973635894961;-0.002296260886118332;-2.777263920753943E-7;
0.9999973635894961;-0.002296260886118332;-2.777263920753943E-7;,5.749503373207568E-4,-5.274145603940437E-6,0.999997363862471;-0.0022961420053826628;2.3776209814458914E-6;
0.999997363862471;-0.0022961420053826628;2.3776209814458914E-6;,5.747317716688234E-4,-5.273599206258056E-6,0.9999973643752241;-0.0022959186843737656;4.466431950919153E-6;
0.9999973643752241;-0.0022959186843737656;4.466431950919153E-6;,5.743944929018903E-4,-5.272573578317479E-6,0.9999973650307712;-0.002295633140257448;5.710897376265925E-6;
0.9999973650307712;-0.002295633140257448;5.710897376265925E-6;,5.739993013201421E-4,-5.271261934293562E-6,0.9999973657175737;-0.002295333943738541;5.983946143606031E-6;
0.9999973657175737;-0.002295333943738541;5.983946143606031E-6;,5.736112793286713E-4,-5.2698868662320546E-6,0.9999973663277902;-0.002295068078122541;5.317326325714366E-6;
0.9999973663277902;-0.002295068078122541;5.317326325714366E-6;,5.73289471901774E-4,-5.26866420219476E-6,0.9999973667735521;-0.0022948738444620903;3.884683439130645E-6;
0.9999973667735521;-0.0022948738444620903;3.884683439130645E-6;,5.730782769393066E-4,-5.267770391095747E-6,0.9999973669989188;-0.0022947756381751553;1.96413091048311E-6;
0.9999973669989188;-0.0022947756381751553;1.96413091048311E-6;,5.730017380101202E-4,-5.267318182904811E-6,0.999997366986024;-0.002294781257344886;-1.1238369052260905E-7;
0.999997366986024;-0.002294781257344886;-1.1238369052260905E-7;,5.730613958080808E-4,-5.2673438614629324E-6,0.9999973667549186;-0.0022948819640434587;-2.0141392749447084E-6;
0.9999973667549186;-0.0022948819640434587;-2.0141392749447084E-6;,5.732377583528433E-4,-5.2678072859859055E-6,0.9999973663576208;-0.0022950550804500154;-3.4623372490086615E-6;
0.9999973663576208;-0.0022950550804500154;-3.4623372490086615E-6;,5.734948896786203E-4,-5.268603854729166E-6,0.999997365867721;-0.002295268528815348;-4.268978550659405E-6;
0.999997365867721;-0.002295268528815348;-4.268978550659405E-6;,5.737871757916575E-4,-5.269585620219146E-6,0.999997365367461;-0.0022954864706305643;-4.358847787198047E-6;
0.999997365367461;-0.0022954864706305643;-4.358847787198047E-6;,5.74067063701495E-4,-5.270587503830989E-6,0.9999973649344559;-0.0022956750956163465;-3.7725096556364185E-6;
0.9999973649344559;-0.0022956750956163465;-3.7725096556364185E-6;,5.742925112327268E-4,-5.271454073465387E-6,0.9999973646301212;-0.002295807660150495;-2.651297669715826E-6;
